[
    {
        "p_rel_url" : "SoundaryaSenthil/AzureDE-Devops_Project/refs/heads/main/Resources/athletes.csv?token=GHSAT0AAAAAADCJ7S22RECDJ54HMOREJ7VCZ77O2KA",
        "p_folder" : "athletes",
        "p_file" : "athletes.parquet"
    },
    {
        "p_rel_url" : "SoundaryaSenthil/AzureDE-Devops_Project/refs/heads/main/Resources/athletes.csv?token=GHSAT0AAAAAADCJ7S22RECDJ54HMOREJ7VCZ77O2KA",
        "p_folder" : "coaches",
        "p_file" : "coaches.parquet"
    },
    {
        "p_rel_url" : "SoundaryaSenthil/AzureDE-Devops_Project/refs/heads/main/Resources/athletes.csv?token=GHSAT0AAAAAADCJ7S22RECDJ54HMOREJ7VCZ77O2KA",
        "p_folder" : "events",
        "p_file" : "events.parquet"
    }
]
